frame_number,intensity,size,x location,y location
5,1.3401352323838056,885,429.92090395480227,299.22033898305085
